PRIMARY_KEY,STATE,YEAR,AVG_MATH_4_SCORE,AVG_MATH_8_SCORE,AVG_READING_4_SCORE,AVG_READING_8_SCORE
1990_ALABAMA,ALABAMA,1990,,253.0,,
1990_ALASKA,ALASKA,1990,,,,
1990_ARIZONA,ARIZONA,1990,,260.0,,
1990_ARKANSAS,ARKANSAS,1990,,256.0,,
1990_CALIFORNIA,CALIFORNIA,1990,,256.0,,
1990_COLORADO,COLORADO,1990,,267.0,,
1990_CONNECTICUT,CONNECTICUT,1990,,270.0,,
1990_DELAWARE,DELAWARE,1990,,261.0,,
1990_DISTRICT_OF_COLUMBIA,DISTRICT_OF_COLUMBIA,1990,,231.0,,
1990_DODEA,DODEA,1990,,,,
1990_FLORIDA,FLORIDA,1990,,255.0,,
1990_GEORGIA,GEORGIA,1990,,259.0,,
1990_HAWAII,HAWAII,1990,,251.0,,
1990_IDAHO,IDAHO,1990,,271.0,,
1990_ILLINOIS,ILLINOIS,1990,,261.0,,
1990_INDIANA,INDIANA,1990,,267.0,,
1990_IOWA,IOWA,1990,,278.0,,
1990_KANSAS,KANSAS,1990,,,,
1990_KENTUCKY,KENTUCKY,1990,,257.0,,
1990_LOUISIANA,LOUISIANA,1990,,246.0,,
1990_MAINE,MAINE,1990,,,,
1990_MARYLAND,MARYLAND,1990,,261.0,,
1990_MASSACHUSETTS,MASSACHUSETTS,1990,,,,
1990_MICHIGAN,MICHIGAN,1990,,264.0,,
1990_MINNESOTA,MINNESOTA,1990,,275.0,,
1990_MISSISSIPPI,MISSISSIPPI,1990,,,,
1990_MISSOURI,MISSOURI,1990,,,,
1990_MONTANA,MONTANA,1990,,280.0,,
1990_NATIONAL,NATIONAL,1990,213.0,263.0,,
1990_NEBRASKA,NEBRASKA,1990,,276.0,,
1990_NEVADA,NEVADA,1990,,,,
1990_NEW_HAMPSHIRE,NEW_HAMPSHIRE,1990,,273.0,,
1990_NEW_JERSEY,NEW_JERSEY,1990,,270.0,,
1990_NEW_MEXICO,NEW_MEXICO,1990,,256.0,,
1990_NEW_YORK,NEW_YORK,1990,,261.0,,
1990_NORTH_CAROLINA,NORTH_CAROLINA,1990,,250.0,,
1990_NORTH_DAKOTA,NORTH_DAKOTA,1990,,281.0,,
1990_OHIO,OHIO,1990,,264.0,,
1990_OKLAHOMA,OKLAHOMA,1990,,263.0,,
1990_OREGON,OREGON,1990,,271.0,,
1990_PENNSYLVANIA,PENNSYLVANIA,1990,,266.0,,
1990_RHODE_ISLAND,RHODE_ISLAND,1990,,260.0,,
1990_SOUTH_CAROLINA,SOUTH_CAROLINA,1990,,,,
1990_SOUTH_DAKOTA,SOUTH_DAKOTA,1990,,,,
1990_TENNESSEE,TENNESSEE,1990,,,,
1990_TEXAS,TEXAS,1990,,258.0,,
1990_UTAH,UTAH,1990,,,,
1990_VERMONT,VERMONT,1990,,,,
1990_VIRGINIA,VIRGINIA,1990,,264.0,,
1990_WASHINGTON,WASHINGTON,1990,,,,
1990_WEST_VIRGINIA,WEST_VIRGINIA,1990,,256.0,,
1990_WISCONSIN,WISCONSIN,1990,,274.0,,
1990_WYOMING,WYOMING,1990,,272.0,,
1992_ALABAMA,ALABAMA,1992,208.0,252.0,207.0,
1992_ALASKA,ALASKA,1992,,,,
1992_ARIZONA,ARIZONA,1992,215.0,265.0,209.0,
1992_ARKANSAS,ARKANSAS,1992,210.0,256.0,211.0,
1992_CALIFORNIA,CALIFORNIA,1992,208.0,261.0,202.0,
1992_COLORADO,COLORADO,1992,221.0,272.0,217.0,
1992_CONNECTICUT,CONNECTICUT,1992,227.0,274.0,222.0,
1992_DELAWARE,DELAWARE,1992,218.0,263.0,213.0,
1992_DISTRICT_OF_COLUMBIA,DISTRICT_OF_COLUMBIA,1992,193.0,235.0,188.0,
1992_DODEA,DODEA,1992,,,,
1992_FLORIDA,FLORIDA,1992,214.0,260.0,208.0,
1992_GEORGIA,GEORGIA,1992,216.0,259.0,212.0,
1992_HAWAII,HAWAII,1992,214.0,257.0,203.0,
1992_IDAHO,IDAHO,1992,222.0,275.0,219.0,
1992_ILLINOIS,ILLINOIS,1992,,,,
1992_INDIANA,INDIANA,1992,221.0,270.0,221.0,
1992_IOWA,IOWA,1992,230.0,283.0,225.0,
1992_KANSAS,KANSAS,1992,,,,
1992_KENTUCKY,KENTUCKY,1992,215.0,262.0,213.0,
1992_LOUISIANA,LOUISIANA,1992,204.0,250.0,204.0,
1992_MAINE,MAINE,1992,232.0,279.0,227.0,
1992_MARYLAND,MARYLAND,1992,217.0,265.0,211.0,
1992_MASSACHUSETTS,MASSACHUSETTS,1992,227.0,273.0,226.0,
1992_MICHIGAN,MICHIGAN,1992,220.0,267.0,216.0,
1992_MINNESOTA,MINNESOTA,1992,228.0,282.0,221.0,
1992_MISSISSIPPI,MISSISSIPPI,1992,202.0,246.0,199.0,
1992_MISSOURI,MISSOURI,1992,222.0,271.0,220.0,
1992_MONTANA,MONTANA,1992,,,,
1992_NATIONAL,NATIONAL,1992,220.0,268.0,217.0,260.0
1992_NEBRASKA,NEBRASKA,1992,225.0,278.0,221.0,
1992_NEVADA,NEVADA,1992,,,,
1992_NEW_HAMPSHIRE,NEW_HAMPSHIRE,1992,230.0,278.0,228.0,
1992_NEW_JERSEY,NEW_JERSEY,1992,227.0,272.0,223.0,
1992_NEW_MEXICO,NEW_MEXICO,1992,213.0,260.0,211.0,
1992_NEW_YORK,NEW_YORK,1992,218.0,266.0,215.0,
1992_NORTH_CAROLINA,NORTH_CAROLINA,1992,213.0,258.0,212.0,
1992_NORTH_DAKOTA,NORTH_DAKOTA,1992,229.0,283.0,226.0,
1992_OHIO,OHIO,1992,219.0,268.0,217.0,
1992_OKLAHOMA,OKLAHOMA,1992,220.0,268.0,220.0,
1992_OREGON,OREGON,1992,,,,
1992_PENNSYLVANIA,PENNSYLVANIA,1992,224.0,271.0,221.0,
1992_RHODE_ISLAND,RHODE_ISLAND,1992,215.0,266.0,217.0,
1992_SOUTH_CAROLINA,SOUTH_CAROLINA,1992,212.0,261.0,210.0,
1992_SOUTH_DAKOTA,SOUTH_DAKOTA,1992,,,,
1992_TENNESSEE,TENNESSEE,1992,211.0,259.0,212.0,
1992_TEXAS,TEXAS,1992,218.0,265.0,213.0,
1992_UTAH,UTAH,1992,224.0,274.0,220.0,
1992_VERMONT,VERMONT,1992,,,,
1992_VIRGINIA,VIRGINIA,1992,221.0,268.0,221.0,
1992_WASHINGTON,WASHINGTON,1992,,,,
1992_WEST_VIRGINIA,WEST_VIRGINIA,1992,215.0,259.0,216.0,
1992_WISCONSIN,WISCONSIN,1992,229.0,278.0,224.0,
1992_WYOMING,WYOMING,1992,225.0,275.0,223.0,
1994_ALABAMA,ALABAMA,1994,,,208.0,
1994_ALASKA,ALASKA,1994,,,,
1994_ARIZONA,ARIZONA,1994,,,206.0,
1994_ARKANSAS,ARKANSAS,1994,,,209.0,
1994_CALIFORNIA,CALIFORNIA,1994,,,197.0,
1994_COLORADO,COLORADO,1994,,,213.0,
1994_CONNECTICUT,CONNECTICUT,1994,,,222.0,
1994_DELAWARE,DELAWARE,1994,,,206.0,
1994_DISTRICT_OF_COLUMBIA,DISTRICT_OF_COLUMBIA,1994,,,179.0,
1994_DODEA,DODEA,1994,,,,
1994_FLORIDA,FLORIDA,1994,,,205.0,
1994_GEORGIA,GEORGIA,1994,,,207.0,
1994_HAWAII,HAWAII,1994,,,201.0,
1994_IDAHO,IDAHO,1994,,,,
1994_ILLINOIS,ILLINOIS,1994,,,,
1994_INDIANA,INDIANA,1994,,,220.0,
1994_IOWA,IOWA,1994,,,223.0,
1994_KANSAS,KANSAS,1994,,,,
1994_KENTUCKY,KENTUCKY,1994,,,212.0,
1994_LOUISIANA,LOUISIANA,1994,,,197.0,
1994_MAINE,MAINE,1994,,,228.0,
1994_MARYLAND,MARYLAND,1994,,,210.0,
1994_MASSACHUSETTS,MASSACHUSETTS,1994,,,223.0,
1994_MICHIGAN,MICHIGAN,1994,,,,
1994_MINNESOTA,MINNESOTA,1994,,,218.0,
1994_MISSISSIPPI,MISSISSIPPI,1994,,,202.0,
1994_MISSOURI,MISSOURI,1994,,,217.0,
1994_MONTANA,MONTANA,1994,,,222.0,
1994_NATIONAL,NATIONAL,1994,,,214.0,260.0
1994_NEBRASKA,NEBRASKA,1994,,,220.0,
1994_NEVADA,NEVADA,1994,,,,
1994_NEW_HAMPSHIRE,NEW_HAMPSHIRE,1994,,,223.0,
1994_NEW_JERSEY,NEW_JERSEY,1994,,,219.0,
1994_NEW_MEXICO,NEW_MEXICO,1994,,,205.0,
1994_NEW_YORK,NEW_YORK,1994,,,212.0,
1994_NORTH_CAROLINA,NORTH_CAROLINA,1994,,,214.0,
1994_NORTH_DAKOTA,NORTH_DAKOTA,1994,,,225.0,
1994_OHIO,OHIO,1994,,,,
1994_OKLAHOMA,OKLAHOMA,1994,,,,
1994_OREGON,OREGON,1994,,,,
1994_PENNSYLVANIA,PENNSYLVANIA,1994,,,215.0,
1994_RHODE_ISLAND,RHODE_ISLAND,1994,,,220.0,
1994_SOUTH_CAROLINA,SOUTH_CAROLINA,1994,,,203.0,
1994_SOUTH_DAKOTA,SOUTH_DAKOTA,1994,,,,
1994_TENNESSEE,TENNESSEE,1994,,,213.0,
1994_TEXAS,TEXAS,1994,,,212.0,
1994_UTAH,UTAH,1994,,,217.0,
1994_VERMONT,VERMONT,1994,,,,
1994_VIRGINIA,VIRGINIA,1994,,,213.0,
1994_WASHINGTON,WASHINGTON,1994,,,213.0,
1994_WEST_VIRGINIA,WEST_VIRGINIA,1994,,,213.0,
1994_WISCONSIN,WISCONSIN,1994,,,224.0,
1994_WYOMING,WYOMING,1994,,,221.0,
1996_ALABAMA,ALABAMA,1996,,,,
1996_ALASKA,ALASKA,1996,,,,
1996_ARIZONA,ARIZONA,1996,,,,
1996_ARKANSAS,ARKANSAS,1996,,,,
1996_CALIFORNIA,CALIFORNIA,1996,,,,
1996_COLORADO,COLORADO,1996,,,,
1996_CONNECTICUT,CONNECTICUT,1996,,,,
1996_DELAWARE,DELAWARE,1996,,,,
1996_DISTRICT_OF_COLUMBIA,DISTRICT_OF_COLUMBIA,1996,,,,
1996_DODEA,DODEA,1996,,,,
1996_FLORIDA,FLORIDA,1996,,,,
1996_GEORGIA,GEORGIA,1996,,,,
1996_HAWAII,HAWAII,1996,,,,
1996_IDAHO,IDAHO,1996,,,,
1996_ILLINOIS,ILLINOIS,1996,,,,
1996_INDIANA,INDIANA,1996,,,,
1996_IOWA,IOWA,1996,,,,
1996_KANSAS,KANSAS,1996,,,,
1996_KENTUCKY,KENTUCKY,1996,,,,
1996_LOUISIANA,LOUISIANA,1996,,,,
1996_MAINE,MAINE,1996,,,,
1996_MARYLAND,MARYLAND,1996,,,,
1996_MASSACHUSETTS,MASSACHUSETTS,1996,,,,
1996_MICHIGAN,MICHIGAN,1996,,,,
1996_MINNESOTA,MINNESOTA,1996,,,,
1996_MISSISSIPPI,MISSISSIPPI,1996,,,,
1996_MISSOURI,MISSOURI,1996,,,,
1996_MONTANA,MONTANA,1996,,,,
1996_NATIONAL,NATIONAL,1996,224.0,270.0,,
1996_NEBRASKA,NEBRASKA,1996,,,,
1996_NEVADA,NEVADA,1996,,,,
1996_NEW_HAMPSHIRE,NEW_HAMPSHIRE,1996,,,,
1996_NEW_JERSEY,NEW_JERSEY,1996,,,,
1996_NEW_MEXICO,NEW_MEXICO,1996,,,,
1996_NEW_YORK,NEW_YORK,1996,,,,
1996_NORTH_CAROLINA,NORTH_CAROLINA,1996,,,,
1996_NORTH_DAKOTA,NORTH_DAKOTA,1996,,,,
1996_OHIO,OHIO,1996,,,,
1996_OKLAHOMA,OKLAHOMA,1996,,,,
1996_OREGON,OREGON,1996,,,,
1996_PENNSYLVANIA,PENNSYLVANIA,1996,,,,
1996_RHODE_ISLAND,RHODE_ISLAND,1996,,,,
1996_SOUTH_CAROLINA,SOUTH_CAROLINA,1996,,,,
1996_SOUTH_DAKOTA,SOUTH_DAKOTA,1996,,,,
1996_TENNESSEE,TENNESSEE,1996,,,,
1996_TEXAS,TEXAS,1996,,,,
1996_UTAH,UTAH,1996,,,,
1996_VERMONT,VERMONT,1996,,,,
1996_VIRGINIA,VIRGINIA,1996,,,,
1996_WASHINGTON,WASHINGTON,1996,,,,
1996_WEST_VIRGINIA,WEST_VIRGINIA,1996,,,,
1996_WISCONSIN,WISCONSIN,1996,,,,
1996_WYOMING,WYOMING,1996,,,,
1998_ALABAMA,ALABAMA,1998,,,211.0,255.0
1998_ALASKA,ALASKA,1998,,,,
1998_ARIZONA,ARIZONA,1998,,,206.0,260.0
1998_ARKANSAS,ARKANSAS,1998,,,209.0,256.0
1998_CALIFORNIA,CALIFORNIA,1998,,,202.0,252.0
1998_COLORADO,COLORADO,1998,,,220.0,264.0
1998_CONNECTICUT,CONNECTICUT,1998,,,230.0,270.0
1998_DELAWARE,DELAWARE,1998,,,207.0,254.0
1998_DISTRICT_OF_COLUMBIA,DISTRICT_OF_COLUMBIA,1998,,,179.0,236.0
1998_DODEA,DODEA,1998,,,220.0,269.0
1998_FLORIDA,FLORIDA,1998,,,206.0,255.0
1998_GEORGIA,GEORGIA,1998,,,209.0,257.0
1998_HAWAII,HAWAII,1998,,,200.0,249.0
1998_IDAHO,IDAHO,1998,,,,
1998_ILLINOIS,ILLINOIS,1998,,,,
1998_INDIANA,INDIANA,1998,,,,
1998_IOWA,IOWA,1998,,,220.0,
1998_KANSAS,KANSAS,1998,,,221.0,268.0
1998_KENTUCKY,KENTUCKY,1998,,,218.0,262.0
1998_LOUISIANA,LOUISIANA,1998,,,200.0,252.0
1998_MAINE,MAINE,1998,,,225.0,271.0
1998_MARYLAND,MARYLAND,1998,,,212.0,261.0
1998_MASSACHUSETTS,MASSACHUSETTS,1998,,,223.0,269.0
1998_MICHIGAN,MICHIGAN,1998,,,216.0,
1998_MINNESOTA,MINNESOTA,1998,,,219.0,265.0
1998_MISSISSIPPI,MISSISSIPPI,1998,,,203.0,251.0
1998_MISSOURI,MISSOURI,1998,,,216.0,262.0
1998_MONTANA,MONTANA,1998,,,225.0,271.0
1998_NATIONAL,NATIONAL,1998,,,215.0,263.0
1998_NEBRASKA,NEBRASKA,1998,,,,
1998_NEVADA,NEVADA,1998,,,206.0,258.0
1998_NEW_HAMPSHIRE,NEW_HAMPSHIRE,1998,,,226.0,
1998_NEW_JERSEY,NEW_JERSEY,1998,,,,
1998_NEW_MEXICO,NEW_MEXICO,1998,,,205.0,258.0
1998_NEW_YORK,NEW_YORK,1998,,,215.0,265.0
1998_NORTH_CAROLINA,NORTH_CAROLINA,1998,,,213.0,262.0
1998_NORTH_DAKOTA,NORTH_DAKOTA,1998,,,,
1998_OHIO,OHIO,1998,,,,
1998_OKLAHOMA,OKLAHOMA,1998,,,219.0,265.0
1998_OREGON,OREGON,1998,,,212.0,266.0
1998_PENNSYLVANIA,PENNSYLVANIA,1998,,,,
1998_RHODE_ISLAND,RHODE_ISLAND,1998,,,218.0,264.0
1998_SOUTH_CAROLINA,SOUTH_CAROLINA,1998,,,209.0,255.0
1998_SOUTH_DAKOTA,SOUTH_DAKOTA,1998,,,,
1998_TENNESSEE,TENNESSEE,1998,,,212.0,258.0
1998_TEXAS,TEXAS,1998,,,214.0,261.0
1998_UTAH,UTAH,1998,,,216.0,263.0
1998_VERMONT,VERMONT,1998,,,,
1998_VIRGINIA,VIRGINIA,1998,,,217.0,266.0
1998_WASHINGTON,WASHINGTON,1998,,,218.0,264.0
1998_WEST_VIRGINIA,WEST_VIRGINIA,1998,,,216.0,262.0
1998_WISCONSIN,WISCONSIN,1998,,,222.0,265.0
1998_WYOMING,WYOMING,1998,,,218.0,263.0
2000_ALABAMA,ALABAMA,2000,217.0,264.0,,
2000_ALASKA,ALASKA,2000,,,,
2000_ARIZONA,ARIZONA,2000,219.0,269.0,,
2000_ARKANSAS,ARKANSAS,2000,216.0,257.0,,
2000_CALIFORNIA,CALIFORNIA,2000,213.0,260.0,,
2000_COLORADO,COLORADO,2000,,,,
2000_CONNECTICUT,CONNECTICUT,2000,234.0,281.0,,
2000_DELAWARE,DELAWARE,2000,,,,
2000_DISTRICT_OF_COLUMBIA,DISTRICT_OF_COLUMBIA,2000,192.0,235.0,,
2000_DODEA,DODEA,2000,227.0,277.0,,
2000_FLORIDA,FLORIDA,2000,,,,
2000_GEORGIA,GEORGIA,2000,219.0,265.0,,
2000_HAWAII,HAWAII,2000,216.0,262.0,,
2000_IDAHO,IDAHO,2000,224.0,277.0,,
2000_ILLINOIS,ILLINOIS,2000,223.0,275.0,,
2000_INDIANA,INDIANA,2000,233.0,281.0,,
2000_IOWA,IOWA,2000,231.0,,,
2000_KANSAS,KANSAS,2000,232.0,283.0,,
2000_KENTUCKY,KENTUCKY,2000,219.0,270.0,,
2000_LOUISIANA,LOUISIANA,2000,218.0,259.0,,
2000_MAINE,MAINE,2000,230.0,281.0,,
2000_MARYLAND,MARYLAND,2000,222.0,272.0,,
2000_MASSACHUSETTS,MASSACHUSETTS,2000,233.0,279.0,,
2000_MICHIGAN,MICHIGAN,2000,229.0,277.0,,
2000_MINNESOTA,MINNESOTA,2000,234.0,287.0,,
2000_MISSISSIPPI,MISSISSIPPI,2000,211.0,254.0,,
2000_MISSOURI,MISSOURI,2000,228.0,271.0,,
2000_MONTANA,MONTANA,2000,228.0,285.0,,
2000_NATIONAL,NATIONAL,2000,226.0,273.0,213.0,
2000_NEBRASKA,NEBRASKA,2000,225.0,280.0,,
2000_NEVADA,NEVADA,2000,220.0,265.0,,
2000_NEW_HAMPSHIRE,NEW_HAMPSHIRE,2000,,,,
2000_NEW_JERSEY,NEW_JERSEY,2000,,,,
2000_NEW_MEXICO,NEW_MEXICO,2000,213.0,259.0,,
2000_NEW_YORK,NEW_YORK,2000,225.0,271.0,,
2000_NORTH_CAROLINA,NORTH_CAROLINA,2000,230.0,276.0,,
2000_NORTH_DAKOTA,NORTH_DAKOTA,2000,230.0,282.0,,
2000_OHIO,OHIO,2000,230.0,281.0,,
2000_OKLAHOMA,OKLAHOMA,2000,224.0,270.0,,
2000_OREGON,OREGON,2000,224.0,280.0,,
2000_PENNSYLVANIA,PENNSYLVANIA,2000,,,,
2000_RHODE_ISLAND,RHODE_ISLAND,2000,224.0,269.0,,
2000_SOUTH_CAROLINA,SOUTH_CAROLINA,2000,220.0,265.0,,
2000_SOUTH_DAKOTA,SOUTH_DAKOTA,2000,,,,
2000_TENNESSEE,TENNESSEE,2000,220.0,262.0,,
2000_TEXAS,TEXAS,2000,231.0,273.0,,
2000_UTAH,UTAH,2000,227.0,274.0,,
2000_VERMONT,VERMONT,2000,232.0,281.0,,
2000_VIRGINIA,VIRGINIA,2000,230.0,275.0,,
2000_WASHINGTON,WASHINGTON,2000,,,,
2000_WEST_VIRGINIA,WEST_VIRGINIA,2000,223.0,266.0,,
2000_WISCONSIN,WISCONSIN,2000,,,,
2000_WYOMING,WYOMING,2000,229.0,276.0,,
2002_ALABAMA,ALABAMA,2002,,,207.0,253.0
2002_ALASKA,ALASKA,2002,,,,
2002_ARIZONA,ARIZONA,2002,,,205.0,257.0
2002_ARKANSAS,ARKANSAS,2002,,,213.0,260.0
2002_CALIFORNIA,CALIFORNIA,2002,,,206.0,250.0
2002_COLORADO,COLORADO,2002,,,,
2002_CONNECTICUT,CONNECTICUT,2002,,,229.0,267.0
2002_DELAWARE,DELAWARE,2002,,,224.0,267.0
2002_DISTRICT_OF_COLUMBIA,DISTRICT_OF_COLUMBIA,2002,,,191.0,240.0
2002_DODEA,DODEA,2002,,,224.0,273.0
2002_FLORIDA,FLORIDA,2002,,,214.0,261.0
2002_GEORGIA,GEORGIA,2002,,,215.0,258.0
2002_HAWAII,HAWAII,2002,,,208.0,252.0
2002_IDAHO,IDAHO,2002,,,220.0,266.0
2002_ILLINOIS,ILLINOIS,2002,,,,
2002_INDIANA,INDIANA,2002,,,222.0,265.0
2002_IOWA,IOWA,2002,,,223.0,
2002_KANSAS,KANSAS,2002,,,222.0,269.0
2002_KENTUCKY,KENTUCKY,2002,,,219.0,265.0
2002_LOUISIANA,LOUISIANA,2002,,,207.0,256.0
2002_MAINE,MAINE,2002,,,225.0,270.0
2002_MARYLAND,MARYLAND,2002,,,217.0,263.0
2002_MASSACHUSETTS,MASSACHUSETTS,2002,,,234.0,271.0
2002_MICHIGAN,MICHIGAN,2002,,,219.0,265.0
2002_MINNESOTA,MINNESOTA,2002,,,225.0,
2002_MISSISSIPPI,MISSISSIPPI,2002,,,203.0,255.0
2002_MISSOURI,MISSOURI,2002,,,220.0,268.0
2002_MONTANA,MONTANA,2002,,,224.0,270.0
2002_NATIONAL,NATIONAL,2002,,,219.0,264.0
2002_NEBRASKA,NEBRASKA,2002,,,222.0,270.0
2002_NEVADA,NEVADA,2002,,,209.0,251.0
2002_NEW_HAMPSHIRE,NEW_HAMPSHIRE,2002,,,,
2002_NEW_JERSEY,NEW_JERSEY,2002,,,,
2002_NEW_MEXICO,NEW_MEXICO,2002,,,208.0,254.0
2002_NEW_YORK,NEW_YORK,2002,,,222.0,264.0
2002_NORTH_CAROLINA,NORTH_CAROLINA,2002,,,222.0,265.0
2002_NORTH_DAKOTA,NORTH_DAKOTA,2002,,,224.0,268.0
2002_OHIO,OHIO,2002,,,222.0,268.0
2002_OKLAHOMA,OKLAHOMA,2002,,,213.0,262.0
2002_OREGON,OREGON,2002,,,220.0,268.0
2002_PENNSYLVANIA,PENNSYLVANIA,2002,,,221.0,265.0
2002_RHODE_ISLAND,RHODE_ISLAND,2002,,,220.0,262.0
2002_SOUTH_CAROLINA,SOUTH_CAROLINA,2002,,,214.0,258.0
2002_SOUTH_DAKOTA,SOUTH_DAKOTA,2002,,,,
2002_TENNESSEE,TENNESSEE,2002,,,214.0,260.0
2002_TEXAS,TEXAS,2002,,,217.0,262.0
2002_UTAH,UTAH,2002,,,222.0,263.0
2002_VERMONT,VERMONT,2002,,,227.0,272.0
2002_VIRGINIA,VIRGINIA,2002,,,225.0,269.0
2002_WASHINGTON,WASHINGTON,2002,,,224.0,268.0
2002_WEST_VIRGINIA,WEST_VIRGINIA,2002,,,219.0,264.0
2002_WISCONSIN,WISCONSIN,2002,,,,
2002_WYOMING,WYOMING,2002,,,221.0,265.0
2003_ALABAMA,ALABAMA,2003,223.0,262.0,207.0,253.0
2003_ALASKA,ALASKA,2003,233.0,279.0,212.0,256.0
2003_ARIZONA,ARIZONA,2003,229.0,271.0,209.0,255.0
2003_ARKANSAS,ARKANSAS,2003,229.0,266.0,214.0,258.0
2003_CALIFORNIA,CALIFORNIA,2003,227.0,267.0,206.0,251.0
2003_COLORADO,COLORADO,2003,235.0,283.0,224.0,268.0
2003_CONNECTICUT,CONNECTICUT,2003,241.0,284.0,228.0,267.0
2003_DELAWARE,DELAWARE,2003,236.0,277.0,224.0,265.0
2003_DISTRICT_OF_COLUMBIA,DISTRICT_OF_COLUMBIA,2003,205.0,243.0,188.0,239.0
2003_DODEA,DODEA,2003,237.0,285.0,224.0,272.0
2003_FLORIDA,FLORIDA,2003,234.0,271.0,218.0,257.0
2003_GEORGIA,GEORGIA,2003,230.0,270.0,214.0,258.0
2003_HAWAII,HAWAII,2003,227.0,266.0,208.0,251.0
2003_IDAHO,IDAHO,2003,235.0,280.0,218.0,264.0
2003_ILLINOIS,ILLINOIS,2003,233.0,277.0,216.0,266.0
2003_INDIANA,INDIANA,2003,238.0,281.0,220.0,265.0
2003_IOWA,IOWA,2003,238.0,284.0,223.0,268.0
2003_KANSAS,KANSAS,2003,242.0,284.0,220.0,266.0
2003_KENTUCKY,KENTUCKY,2003,229.0,274.0,219.0,266.0
2003_LOUISIANA,LOUISIANA,2003,226.0,266.0,205.0,253.0
2003_MAINE,MAINE,2003,238.0,282.0,224.0,268.0
2003_MARYLAND,MARYLAND,2003,233.0,278.0,219.0,262.0
2003_MASSACHUSETTS,MASSACHUSETTS,2003,242.0,287.0,228.0,273.0
2003_MICHIGAN,MICHIGAN,2003,236.0,276.0,219.0,264.0
2003_MINNESOTA,MINNESOTA,2003,242.0,291.0,223.0,268.0
2003_MISSISSIPPI,MISSISSIPPI,2003,223.0,261.0,205.0,255.0
2003_MISSOURI,MISSOURI,2003,235.0,279.0,222.0,267.0
2003_MONTANA,MONTANA,2003,236.0,286.0,223.0,270.0
2003_NATIONAL,NATIONAL,2003,235.0,278.0,218.0,263.0
2003_NEBRASKA,NEBRASKA,2003,236.0,282.0,221.0,266.0
2003_NEVADA,NEVADA,2003,228.0,268.0,207.0,252.0
2003_NEW_HAMPSHIRE,NEW_HAMPSHIRE,2003,243.0,286.0,228.0,271.0
2003_NEW_JERSEY,NEW_JERSEY,2003,239.0,281.0,225.0,268.0
2003_NEW_MEXICO,NEW_MEXICO,2003,223.0,263.0,203.0,252.0
2003_NEW_YORK,NEW_YORK,2003,236.0,280.0,222.0,265.0
2003_NORTH_CAROLINA,NORTH_CAROLINA,2003,242.0,281.0,221.0,262.0
2003_NORTH_DAKOTA,NORTH_DAKOTA,2003,238.0,287.0,222.0,270.0
2003_OHIO,OHIO,2003,238.0,282.0,222.0,267.0
2003_OKLAHOMA,OKLAHOMA,2003,229.0,272.0,214.0,262.0
2003_OREGON,OREGON,2003,236.0,281.0,218.0,264.0
2003_PENNSYLVANIA,PENNSYLVANIA,2003,236.0,279.0,219.0,264.0
2003_RHODE_ISLAND,RHODE_ISLAND,2003,230.0,272.0,216.0,261.0
2003_SOUTH_CAROLINA,SOUTH_CAROLINA,2003,236.0,277.0,215.0,258.0
2003_SOUTH_DAKOTA,SOUTH_DAKOTA,2003,237.0,285.0,222.0,270.0
2003_TENNESSEE,TENNESSEE,2003,228.0,268.0,212.0,258.0
2003_TEXAS,TEXAS,2003,237.0,277.0,215.0,259.0
2003_UTAH,UTAH,2003,235.0,281.0,219.0,264.0
2003_VERMONT,VERMONT,2003,242.0,286.0,226.0,271.0
2003_VIRGINIA,VIRGINIA,2003,239.0,282.0,223.0,268.0
2003_WASHINGTON,WASHINGTON,2003,238.0,281.0,221.0,264.0
2003_WEST_VIRGINIA,WEST_VIRGINIA,2003,231.0,271.0,219.0,260.0
2003_WISCONSIN,WISCONSIN,2003,237.0,284.0,221.0,266.0
2003_WYOMING,WYOMING,2003,241.0,284.0,222.0,267.0
2005_ALABAMA,ALABAMA,2005,225.0,262.0,208.0,252.0
2005_ALASKA,ALASKA,2005,236.0,279.0,211.0,259.0
2005_ARIZONA,ARIZONA,2005,230.0,274.0,207.0,255.0
2005_ARKANSAS,ARKANSAS,2005,236.0,272.0,217.0,258.0
2005_CALIFORNIA,CALIFORNIA,2005,230.0,269.0,207.0,250.0
2005_COLORADO,COLORADO,2005,239.0,281.0,224.0,265.0
2005_CONNECTICUT,CONNECTICUT,2005,242.0,281.0,226.0,264.0
2005_DELAWARE,DELAWARE,2005,240.0,281.0,226.0,266.0
2005_DISTRICT_OF_COLUMBIA,DISTRICT_OF_COLUMBIA,2005,211.0,245.0,191.0,238.0
2005_DODEA,DODEA,2005,239.0,284.0,226.0,271.0
2005_FLORIDA,FLORIDA,2005,239.0,274.0,219.0,256.0
2005_GEORGIA,GEORGIA,2005,234.0,272.0,214.0,257.0
2005_HAWAII,HAWAII,2005,230.0,266.0,210.0,249.0
2005_IDAHO,IDAHO,2005,242.0,281.0,222.0,264.0
2005_ILLINOIS,ILLINOIS,2005,233.0,278.0,216.0,264.0
2005_INDIANA,INDIANA,2005,240.0,282.0,218.0,261.0
2005_IOWA,IOWA,2005,240.0,284.0,221.0,267.0
2005_KANSAS,KANSAS,2005,246.0,284.0,220.0,267.0
2005_KENTUCKY,KENTUCKY,2005,231.0,274.0,220.0,264.0
2005_LOUISIANA,LOUISIANA,2005,230.0,268.0,209.0,253.0
2005_MAINE,MAINE,2005,241.0,281.0,225.0,270.0
2005_MARYLAND,MARYLAND,2005,238.0,278.0,220.0,261.0
2005_MASSACHUSETTS,MASSACHUSETTS,2005,247.0,292.0,231.0,274.0
2005_MICHIGAN,MICHIGAN,2005,238.0,277.0,218.0,261.0
2005_MINNESOTA,MINNESOTA,2005,246.0,290.0,225.0,268.0
2005_MISSISSIPPI,MISSISSIPPI,2005,227.0,262.0,204.0,251.0
2005_MISSOURI,MISSOURI,2005,235.0,276.0,221.0,265.0
2005_MONTANA,MONTANA,2005,241.0,286.0,225.0,269.0
2005_NATIONAL,NATIONAL,2005,238.0,279.0,219.0,262.0
2005_NEBRASKA,NEBRASKA,2005,238.0,284.0,221.0,267.0
2005_NEVADA,NEVADA,2005,230.0,270.0,207.0,253.0
2005_NEW_HAMPSHIRE,NEW_HAMPSHIRE,2005,246.0,285.0,227.0,270.0
2005_NEW_JERSEY,NEW_JERSEY,2005,244.0,284.0,223.0,269.0
2005_NEW_MEXICO,NEW_MEXICO,2005,224.0,263.0,207.0,251.0
2005_NEW_YORK,NEW_YORK,2005,238.0,280.0,223.0,265.0
2005_NORTH_CAROLINA,NORTH_CAROLINA,2005,241.0,282.0,217.0,258.0
2005_NORTH_DAKOTA,NORTH_DAKOTA,2005,243.0,287.0,225.0,270.0
2005_OHIO,OHIO,2005,242.0,283.0,223.0,267.0
2005_OKLAHOMA,OKLAHOMA,2005,234.0,271.0,214.0,260.0
2005_OREGON,OREGON,2005,238.0,282.0,217.0,263.0
2005_PENNSYLVANIA,PENNSYLVANIA,2005,241.0,281.0,223.0,267.0
2005_RHODE_ISLAND,RHODE_ISLAND,2005,233.0,272.0,216.0,261.0
2005_SOUTH_CAROLINA,SOUTH_CAROLINA,2005,238.0,281.0,213.0,257.0
2005_SOUTH_DAKOTA,SOUTH_DAKOTA,2005,242.0,287.0,222.0,269.0
2005_TENNESSEE,TENNESSEE,2005,232.0,271.0,214.0,259.0
2005_TEXAS,TEXAS,2005,242.0,281.0,219.0,258.0
2005_UTAH,UTAH,2005,239.0,279.0,221.0,262.0
2005_VERMONT,VERMONT,2005,244.0,287.0,227.0,269.0
2005_VIRGINIA,VIRGINIA,2005,240.0,284.0,226.0,268.0
2005_WASHINGTON,WASHINGTON,2005,242.0,285.0,223.0,265.0
2005_WEST_VIRGINIA,WEST_VIRGINIA,2005,231.0,269.0,215.0,255.0
2005_WISCONSIN,WISCONSIN,2005,241.0,285.0,221.0,266.0
2005_WYOMING,WYOMING,2005,243.0,282.0,223.0,268.0
2007_ALABAMA,ALABAMA,2007,229.0,266.0,216.0,252.0
2007_ALASKA,ALASKA,2007,237.0,283.0,214.0,259.0
2007_ARIZONA,ARIZONA,2007,232.0,276.0,210.0,255.0
2007_ARKANSAS,ARKANSAS,2007,238.0,274.0,217.0,258.0
2007_CALIFORNIA,CALIFORNIA,2007,230.0,270.0,209.0,251.0
2007_COLORADO,COLORADO,2007,240.0,286.0,224.0,266.0
2007_CONNECTICUT,CONNECTICUT,2007,243.0,282.0,227.0,267.0
2007_DELAWARE,DELAWARE,2007,242.0,283.0,225.0,265.0
2007_DISTRICT_OF_COLUMBIA,DISTRICT_OF_COLUMBIA,2007,214.0,248.0,197.0,241.0
2007_DODEA,DODEA,2007,240.0,285.0,229.0,273.0
2007_FLORIDA,FLORIDA,2007,242.0,277.0,224.0,260.0
2007_GEORGIA,GEORGIA,2007,235.0,275.0,219.0,259.0
2007_HAWAII,HAWAII,2007,234.0,269.0,213.0,251.0
2007_IDAHO,IDAHO,2007,241.0,284.0,223.0,265.0
2007_ILLINOIS,ILLINOIS,2007,237.0,280.0,219.0,263.0
2007_INDIANA,INDIANA,2007,245.0,285.0,222.0,264.0
2007_IOWA,IOWA,2007,243.0,285.0,225.0,267.0
2007_KANSAS,KANSAS,2007,248.0,290.0,225.0,267.0
2007_KENTUCKY,KENTUCKY,2007,235.0,279.0,222.0,262.0
2007_LOUISIANA,LOUISIANA,2007,230.0,272.0,207.0,253.0
2007_MAINE,MAINE,2007,242.0,286.0,226.0,270.0
2007_MARYLAND,MARYLAND,2007,240.0,286.0,225.0,265.0
2007_MASSACHUSETTS,MASSACHUSETTS,2007,252.0,298.0,236.0,273.0
2007_MICHIGAN,MICHIGAN,2007,238.0,277.0,220.0,260.0
2007_MINNESOTA,MINNESOTA,2007,247.0,292.0,225.0,268.0
2007_MISSISSIPPI,MISSISSIPPI,2007,228.0,265.0,208.0,250.0
2007_MISSOURI,MISSOURI,2007,239.0,281.0,221.0,263.0
2007_MONTANA,MONTANA,2007,244.0,287.0,227.0,271.0
2007_NATIONAL,NATIONAL,2007,240.0,281.0,221.0,263.0
2007_NEBRASKA,NEBRASKA,2007,238.0,284.0,223.0,267.0
2007_NEVADA,NEVADA,2007,232.0,271.0,211.0,252.0
2007_NEW_HAMPSHIRE,NEW_HAMPSHIRE,2007,249.0,288.0,229.0,270.0
2007_NEW_JERSEY,NEW_JERSEY,2007,249.0,289.0,231.0,270.0
2007_NEW_MEXICO,NEW_MEXICO,2007,228.0,268.0,212.0,251.0
2007_NEW_YORK,NEW_YORK,2007,243.0,280.0,224.0,264.0
2007_NORTH_CAROLINA,NORTH_CAROLINA,2007,242.0,284.0,218.0,259.0
2007_NORTH_DAKOTA,NORTH_DAKOTA,2007,245.0,292.0,226.0,268.0
2007_OHIO,OHIO,2007,245.0,285.0,226.0,268.0
2007_OKLAHOMA,OKLAHOMA,2007,237.0,275.0,217.0,260.0
2007_OREGON,OREGON,2007,236.0,284.0,215.0,266.0
2007_PENNSYLVANIA,PENNSYLVANIA,2007,244.0,286.0,226.0,268.0
2007_RHODE_ISLAND,RHODE_ISLAND,2007,236.0,275.0,219.0,258.0
2007_SOUTH_CAROLINA,SOUTH_CAROLINA,2007,237.0,282.0,214.0,257.0
2007_SOUTH_DAKOTA,SOUTH_DAKOTA,2007,241.0,288.0,223.0,270.0
2007_TENNESSEE,TENNESSEE,2007,233.0,274.0,216.0,259.0
2007_TEXAS,TEXAS,2007,242.0,286.0,220.0,261.0
2007_UTAH,UTAH,2007,239.0,281.0,221.0,262.0
2007_VERMONT,VERMONT,2007,246.0,291.0,228.0,273.0
2007_VIRGINIA,VIRGINIA,2007,244.0,288.0,227.0,267.0
2007_WASHINGTON,WASHINGTON,2007,243.0,285.0,224.0,265.0
2007_WEST_VIRGINIA,WEST_VIRGINIA,2007,236.0,270.0,215.0,255.0
2007_WISCONSIN,WISCONSIN,2007,244.0,286.0,223.0,264.0
2007_WYOMING,WYOMING,2007,244.0,287.0,225.0,266.0
2009_ALABAMA,ALABAMA,2009,228.0,269.0,216.0,255.0
2009_ALASKA,ALASKA,2009,237.0,283.0,211.0,259.0
2009_ARIZONA,ARIZONA,2009,230.0,277.0,210.0,258.0
2009_ARKANSAS,ARKANSAS,2009,238.0,276.0,216.0,258.0
2009_CALIFORNIA,CALIFORNIA,2009,232.0,270.0,210.0,253.0
2009_COLORADO,COLORADO,2009,243.0,287.0,226.0,266.0
2009_CONNECTICUT,CONNECTICUT,2009,245.0,289.0,229.0,272.0
2009_DELAWARE,DELAWARE,2009,239.0,284.0,226.0,265.0
2009_DISTRICT_OF_COLUMBIA,DISTRICT_OF_COLUMBIA,2009,219.0,254.0,202.0,242.0
2009_DODEA,DODEA,2009,240.0,287.0,228.0,272.0
2009_FLORIDA,FLORIDA,2009,242.0,279.0,226.0,264.0
2009_GEORGIA,GEORGIA,2009,236.0,278.0,218.0,260.0
2009_HAWAII,HAWAII,2009,236.0,274.0,211.0,255.0
2009_IDAHO,IDAHO,2009,241.0,287.0,221.0,265.0
2009_ILLINOIS,ILLINOIS,2009,238.0,282.0,219.0,265.0
2009_INDIANA,INDIANA,2009,243.0,287.0,223.0,266.0
2009_IOWA,IOWA,2009,243.0,284.0,221.0,265.0
2009_KANSAS,KANSAS,2009,245.0,289.0,224.0,267.0
2009_KENTUCKY,KENTUCKY,2009,239.0,279.0,226.0,267.0
2009_LOUISIANA,LOUISIANA,2009,229.0,272.0,207.0,253.0
2009_MAINE,MAINE,2009,244.0,286.0,224.0,268.0
2009_MARYLAND,MARYLAND,2009,244.0,288.0,226.0,267.0
2009_MASSACHUSETTS,MASSACHUSETTS,2009,252.0,299.0,234.0,274.0
2009_MICHIGAN,MICHIGAN,2009,236.0,278.0,218.0,262.0
2009_MINNESOTA,MINNESOTA,2009,249.0,294.0,223.0,270.0
2009_MISSISSIPPI,MISSISSIPPI,2009,227.0,265.0,211.0,251.0
2009_MISSOURI,MISSOURI,2009,241.0,286.0,224.0,267.0
2009_MONTANA,MONTANA,2009,244.0,292.0,225.0,270.0
2009_NATIONAL,NATIONAL,2009,240.0,283.0,221.0,264.0
2009_NEBRASKA,NEBRASKA,2009,239.0,284.0,223.0,267.0
2009_NEVADA,NEVADA,2009,235.0,274.0,211.0,254.0
2009_NEW_HAMPSHIRE,NEW_HAMPSHIRE,2009,251.0,292.0,229.0,271.0
2009_NEW_JERSEY,NEW_JERSEY,2009,247.0,293.0,229.0,273.0
2009_NEW_MEXICO,NEW_MEXICO,2009,230.0,270.0,208.0,254.0
2009_NEW_YORK,NEW_YORK,2009,241.0,283.0,224.0,264.0
2009_NORTH_CAROLINA,NORTH_CAROLINA,2009,244.0,284.0,219.0,260.0
2009_NORTH_DAKOTA,NORTH_DAKOTA,2009,245.0,293.0,226.0,269.0
2009_OHIO,OHIO,2009,244.0,286.0,225.0,269.0
2009_OKLAHOMA,OKLAHOMA,2009,237.0,276.0,217.0,259.0
2009_OREGON,OREGON,2009,238.0,285.0,218.0,265.0
2009_PENNSYLVANIA,PENNSYLVANIA,2009,244.0,288.0,224.0,271.0
2009_RHODE_ISLAND,RHODE_ISLAND,2009,239.0,278.0,223.0,260.0
2009_SOUTH_CAROLINA,SOUTH_CAROLINA,2009,236.0,280.0,216.0,257.0
2009_SOUTH_DAKOTA,SOUTH_DAKOTA,2009,242.0,291.0,222.0,270.0
2009_TENNESSEE,TENNESSEE,2009,232.0,275.0,217.0,261.0
2009_TEXAS,TEXAS,2009,240.0,287.0,219.0,260.0
2009_UTAH,UTAH,2009,240.0,284.0,219.0,266.0
2009_VERMONT,VERMONT,2009,248.0,293.0,229.0,272.0
2009_VIRGINIA,VIRGINIA,2009,243.0,286.0,227.0,266.0
2009_WASHINGTON,WASHINGTON,2009,242.0,289.0,221.0,267.0
2009_WEST_VIRGINIA,WEST_VIRGINIA,2009,233.0,270.0,215.0,255.0
2009_WISCONSIN,WISCONSIN,2009,244.0,288.0,220.0,266.0
2009_WYOMING,WYOMING,2009,242.0,286.0,223.0,268.0
2011_ALABAMA,ALABAMA,2011,231.0,269.0,220.0,258.0
2011_ALASKA,ALASKA,2011,236.0,283.0,208.0,261.0
2011_ARIZONA,ARIZONA,2011,235.0,279.0,212.0,260.0
2011_ARKANSAS,ARKANSAS,2011,238.0,279.0,217.0,259.0
2011_CALIFORNIA,CALIFORNIA,2011,234.0,273.0,211.0,255.0
2011_COLORADO,COLORADO,2011,244.0,292.0,223.0,271.0
2011_CONNECTICUT,CONNECTICUT,2011,242.0,287.0,227.0,275.0
2011_DELAWARE,DELAWARE,2011,240.0,283.0,225.0,266.0
2011_DISTRICT_OF_COLUMBIA,DISTRICT_OF_COLUMBIA,2011,222.0,260.0,201.0,242.0
2011_DODEA,DODEA,2011,241.0,288.0,229.0,272.0
2011_FLORIDA,FLORIDA,2011,240.0,278.0,225.0,262.0
2011_GEORGIA,GEORGIA,2011,238.0,278.0,221.0,262.0
2011_HAWAII,HAWAII,2011,239.0,278.0,214.0,257.0
2011_IDAHO,IDAHO,2011,240.0,287.0,221.0,268.0
2011_ILLINOIS,ILLINOIS,2011,239.0,283.0,219.0,266.0
2011_INDIANA,INDIANA,2011,244.0,285.0,221.0,265.0
2011_IOWA,IOWA,2011,243.0,285.0,221.0,265.0
2011_KANSAS,KANSAS,2011,246.0,290.0,224.0,267.0
2011_KENTUCKY,KENTUCKY,2011,241.0,282.0,225.0,269.0
2011_LOUISIANA,LOUISIANA,2011,231.0,273.0,210.0,255.0
2011_MAINE,MAINE,2011,244.0,289.0,222.0,270.0
2011_MARYLAND,MARYLAND,2011,247.0,288.0,231.0,271.0
2011_MASSACHUSETTS,MASSACHUSETTS,2011,253.0,299.0,237.0,275.0
2011_MICHIGAN,MICHIGAN,2011,236.0,280.0,219.0,265.0
2011_MINNESOTA,MINNESOTA,2011,249.0,295.0,222.0,270.0
2011_MISSISSIPPI,MISSISSIPPI,2011,230.0,269.0,209.0,254.0
2011_MISSOURI,MISSOURI,2011,240.0,282.0,220.0,267.0
2011_MONTANA,MONTANA,2011,244.0,293.0,225.0,273.0
2011_NATIONAL,NATIONAL,2011,241.0,284.0,221.0,265.0
2011_NEBRASKA,NEBRASKA,2011,240.0,283.0,223.0,268.0
2011_NEVADA,NEVADA,2011,237.0,278.0,213.0,258.0
2011_NEW_HAMPSHIRE,NEW_HAMPSHIRE,2011,252.0,292.0,230.0,272.0
2011_NEW_JERSEY,NEW_JERSEY,2011,248.0,294.0,231.0,275.0
2011_NEW_MEXICO,NEW_MEXICO,2011,233.0,274.0,208.0,256.0
2011_NEW_YORK,NEW_YORK,2011,238.0,280.0,222.0,266.0
2011_NORTH_CAROLINA,NORTH_CAROLINA,2011,245.0,286.0,221.0,263.0
2011_NORTH_DAKOTA,NORTH_DAKOTA,2011,245.0,292.0,226.0,269.0
2011_OHIO,OHIO,2011,244.0,289.0,224.0,268.0
2011_OKLAHOMA,OKLAHOMA,2011,237.0,279.0,215.0,260.0
2011_OREGON,OREGON,2011,237.0,283.0,216.0,264.0
2011_PENNSYLVANIA,PENNSYLVANIA,2011,246.0,286.0,227.0,268.0
2011_RHODE_ISLAND,RHODE_ISLAND,2011,242.0,283.0,222.0,265.0
2011_SOUTH_CAROLINA,SOUTH_CAROLINA,2011,237.0,281.0,215.0,260.0
2011_SOUTH_DAKOTA,SOUTH_DAKOTA,2011,241.0,291.0,220.0,269.0
2011_TENNESSEE,TENNESSEE,2011,233.0,274.0,215.0,259.0
2011_TEXAS,TEXAS,2011,241.0,290.0,218.0,261.0
2011_UTAH,UTAH,2011,243.0,283.0,220.0,267.0
2011_VERMONT,VERMONT,2011,247.0,294.0,227.0,274.0
2011_VIRGINIA,VIRGINIA,2011,245.0,289.0,226.0,267.0
2011_WASHINGTON,WASHINGTON,2011,243.0,288.0,221.0,268.0
2011_WEST_VIRGINIA,WEST_VIRGINIA,2011,235.0,273.0,214.0,256.0
2011_WISCONSIN,WISCONSIN,2011,245.0,289.0,221.0,267.0
2011_WYOMING,WYOMING,2011,244.0,288.0,224.0,270.0
2013_ALABAMA,ALABAMA,2013,233.0,269.0,219.0,257.0
2013_ALASKA,ALASKA,2013,236.0,282.0,209.0,261.0
2013_ARIZONA,ARIZONA,2013,240.0,280.0,213.0,260.0
2013_ARKANSAS,ARKANSAS,2013,240.0,278.0,219.0,262.0
2013_CALIFORNIA,CALIFORNIA,2013,234.0,276.0,213.0,262.0
2013_COLORADO,COLORADO,2013,247.0,290.0,227.0,271.0
2013_CONNECTICUT,CONNECTICUT,2013,243.0,285.0,230.0,274.0
2013_DELAWARE,DELAWARE,2013,243.0,282.0,226.0,266.0
2013_DISTRICT_OF_COLUMBIA,DISTRICT_OF_COLUMBIA,2013,229.0,265.0,206.0,248.0
2013_DODEA,DODEA,2013,245.0,290.0,232.0,277.0
2013_FLORIDA,FLORIDA,2013,242.0,281.0,227.0,266.0
2013_GEORGIA,GEORGIA,2013,240.0,279.0,222.0,265.0
2013_HAWAII,HAWAII,2013,243.0,281.0,215.0,260.0
2013_IDAHO,IDAHO,2013,241.0,286.0,219.0,270.0
2013_ILLINOIS,ILLINOIS,2013,239.0,285.0,219.0,267.0
2013_INDIANA,INDIANA,2013,249.0,288.0,225.0,267.0
2013_IOWA,IOWA,2013,246.0,285.0,224.0,269.0
2013_KANSAS,KANSAS,2013,246.0,290.0,223.0,267.0
2013_KENTUCKY,KENTUCKY,2013,241.0,281.0,224.0,270.0
2013_LOUISIANA,LOUISIANA,2013,231.0,273.0,210.0,257.0
2013_MAINE,MAINE,2013,246.0,289.0,225.0,269.0
2013_MARYLAND,MARYLAND,2013,245.0,287.0,232.0,274.0
2013_MASSACHUSETTS,MASSACHUSETTS,2013,253.0,301.0,232.0,277.0
2013_MICHIGAN,MICHIGAN,2013,237.0,280.0,217.0,266.0
2013_MINNESOTA,MINNESOTA,2013,253.0,295.0,227.0,271.0
2013_MISSISSIPPI,MISSISSIPPI,2013,231.0,271.0,209.0,253.0
2013_MISSOURI,MISSOURI,2013,240.0,283.0,222.0,267.0
2013_MONTANA,MONTANA,2013,244.0,289.0,223.0,272.0
2013_NATIONAL,NATIONAL,2013,242.0,285.0,222.0,268.0
2013_NEBRASKA,NEBRASKA,2013,243.0,285.0,223.0,269.0
2013_NEVADA,NEVADA,2013,236.0,278.0,214.0,262.0
2013_NEW_HAMPSHIRE,NEW_HAMPSHIRE,2013,253.0,296.0,232.0,274.0
2013_NEW_JERSEY,NEW_JERSEY,2013,247.0,296.0,229.0,276.0
2013_NEW_MEXICO,NEW_MEXICO,2013,233.0,273.0,206.0,256.0
2013_NEW_YORK,NEW_YORK,2013,240.0,282.0,224.0,266.0
2013_NORTH_CAROLINA,NORTH_CAROLINA,2013,245.0,286.0,222.0,265.0
2013_NORTH_DAKOTA,NORTH_DAKOTA,2013,246.0,291.0,224.0,268.0
2013_OHIO,OHIO,2013,246.0,290.0,224.0,269.0
2013_OKLAHOMA,OKLAHOMA,2013,239.0,276.0,217.0,262.0
2013_OREGON,OREGON,2013,240.0,284.0,219.0,268.0
2013_PENNSYLVANIA,PENNSYLVANIA,2013,244.0,290.0,226.0,272.0
2013_RHODE_ISLAND,RHODE_ISLAND,2013,241.0,284.0,223.0,267.0
2013_SOUTH_CAROLINA,SOUTH_CAROLINA,2013,237.0,280.0,214.0,261.0
2013_SOUTH_DAKOTA,SOUTH_DAKOTA,2013,241.0,287.0,218.0,268.0
2013_TENNESSEE,TENNESSEE,2013,240.0,278.0,220.0,265.0
2013_TEXAS,TEXAS,2013,242.0,288.0,217.0,264.0
2013_UTAH,UTAH,2013,243.0,284.0,223.0,270.0
2013_VERMONT,VERMONT,2013,248.0,295.0,228.0,274.0
2013_VIRGINIA,VIRGINIA,2013,246.0,288.0,229.0,268.0
2013_WASHINGTON,WASHINGTON,2013,246.0,290.0,225.0,272.0
2013_WEST_VIRGINIA,WEST_VIRGINIA,2013,237.0,274.0,215.0,257.0
2013_WISCONSIN,WISCONSIN,2013,245.0,289.0,221.0,268.0
2013_WYOMING,WYOMING,2013,247.0,288.0,226.0,271.0
2015_ALABAMA,ALABAMA,2015,231.0,267.0,217.0,259.0
2015_ALASKA,ALASKA,2015,236.0,280.0,213.0,260.0
2015_ARIZONA,ARIZONA,2015,238.0,283.0,215.0,263.0
2015_ARKANSAS,ARKANSAS,2015,235.0,275.0,218.0,259.0
2015_CALIFORNIA,CALIFORNIA,2015,232.0,275.0,213.0,259.0
2015_COLORADO,COLORADO,2015,242.0,286.0,224.0,268.0
2015_CONNECTICUT,CONNECTICUT,2015,240.0,284.0,229.0,273.0
2015_DELAWARE,DELAWARE,2015,239.0,280.0,224.0,263.0
2015_DISTRICT_OF_COLUMBIA,DISTRICT_OF_COLUMBIA,2015,231.0,263.0,212.0,248.0
2015_DODEA,DODEA,2015,248.0,291.0,234.0,277.0
2015_FLORIDA,FLORIDA,2015,243.0,275.0,227.0,263.0
2015_GEORGIA,GEORGIA,2015,236.0,279.0,222.0,262.0
2015_HAWAII,HAWAII,2015,238.0,279.0,215.0,257.0
2015_IDAHO,IDAHO,2015,239.0,284.0,222.0,269.0
2015_ILLINOIS,ILLINOIS,2015,237.0,282.0,222.0,267.0
2015_INDIANA,INDIANA,2015,248.0,287.0,227.0,268.0
2015_IOWA,IOWA,2015,243.0,286.0,224.0,268.0
2015_KANSAS,KANSAS,2015,241.0,284.0,221.0,267.0
2015_KENTUCKY,KENTUCKY,2015,242.0,278.0,228.0,268.0
2015_LOUISIANA,LOUISIANA,2015,234.0,268.0,216.0,255.0
2015_MAINE,MAINE,2015,242.0,285.0,224.0,268.0
2015_MARYLAND,MARYLAND,2015,239.0,283.0,223.0,268.0
2015_MASSACHUSETTS,MASSACHUSETTS,2015,251.0,297.0,235.0,274.0
2015_MICHIGAN,MICHIGAN,2015,236.0,278.0,216.0,264.0
2015_MINNESOTA,MINNESOTA,2015,250.0,294.0,223.0,270.0
2015_MISSISSIPPI,MISSISSIPPI,2015,234.0,271.0,214.0,252.0
2015_MISSOURI,MISSOURI,2015,239.0,281.0,223.0,267.0
2015_MONTANA,MONTANA,2015,241.0,287.0,225.0,270.0
2015_NATIONAL,NATIONAL,2015,240.0,282.0,223.0,265.0
2015_NEBRASKA,NEBRASKA,2015,244.0,286.0,227.0,269.0
2015_NEVADA,NEVADA,2015,234.0,275.0,214.0,259.0
2015_NEW_HAMPSHIRE,NEW_HAMPSHIRE,2015,249.0,294.0,232.0,275.0
2015_NEW_JERSEY,NEW_JERSEY,2015,245.0,293.0,229.0,271.0
2015_NEW_MEXICO,NEW_MEXICO,2015,231.0,271.0,207.0,253.0
2015_NEW_YORK,NEW_YORK,2015,237.0,280.0,223.0,263.0
2015_NORTH_CAROLINA,NORTH_CAROLINA,2015,244.0,281.0,226.0,261.0
2015_NORTH_DAKOTA,NORTH_DAKOTA,2015,245.0,288.0,225.0,267.0
2015_OHIO,OHIO,2015,244.0,285.0,225.0,266.0
2015_OKLAHOMA,OKLAHOMA,2015,240.0,275.0,222.0,263.0
2015_OREGON,OREGON,2015,238.0,283.0,220.0,268.0
2015_PENNSYLVANIA,PENNSYLVANIA,2015,243.0,284.0,227.0,269.0
2015_RHODE_ISLAND,RHODE_ISLAND,2015,238.0,281.0,225.0,265.0
2015_SOUTH_CAROLINA,SOUTH_CAROLINA,2015,237.0,276.0,218.0,260.0
2015_SOUTH_DAKOTA,SOUTH_DAKOTA,2015,240.0,285.0,220.0,267.0
2015_TENNESSEE,TENNESSEE,2015,241.0,278.0,219.0,265.0
2015_TEXAS,TEXAS,2015,244.0,284.0,218.0,261.0
2015_UTAH,UTAH,2015,243.0,286.0,226.0,269.0
2015_VERMONT,VERMONT,2015,243.0,290.0,230.0,274.0
2015_VIRGINIA,VIRGINIA,2015,247.0,288.0,229.0,267.0
2015_WASHINGTON,WASHINGTON,2015,245.0,287.0,226.0,267.0
2015_WEST_VIRGINIA,WEST_VIRGINIA,2015,235.0,271.0,216.0,260.0
2015_WISCONSIN,WISCONSIN,2015,243.0,289.0,223.0,270.0
2015_WYOMING,WYOMING,2015,247.0,287.0,228.0,269.0
2017_ALABAMA,ALABAMA,2017,232.0,268.0,216.0,258.0
2017_ALASKA,ALASKA,2017,230.0,277.0,207.0,258.0
2017_ARIZONA,ARIZONA,2017,234.0,282.0,215.0,263.0
2017_ARKANSAS,ARKANSAS,2017,234.0,274.0,216.0,260.0
2017_CALIFORNIA,CALIFORNIA,2017,232.0,277.0,215.0,263.0
2017_COLORADO,COLORADO,2017,241.0,286.0,225.0,270.0
2017_CONNECTICUT,CONNECTICUT,2017,239.0,284.0,228.0,273.0
2017_DELAWARE,DELAWARE,2017,236.0,278.0,221.0,263.0
2017_DISTRICT_OF_COLUMBIA,DISTRICT_OF_COLUMBIA,2017,231.0,266.0,213.0,247.0
2017_DODEA,DODEA,2017,249.0,293.0,234.0,280.0
2017_FLORIDA,FLORIDA,2017,246.0,279.0,228.0,267.0
2017_GEORGIA,GEORGIA,2017,236.0,281.0,220.0,266.0
2017_HAWAII,HAWAII,2017,238.0,277.0,216.0,261.0
2017_IDAHO,IDAHO,2017,240.0,284.0,223.0,270.0
2017_ILLINOIS,ILLINOIS,2017,238.0,282.0,220.0,267.0
2017_INDIANA,INDIANA,2017,247.0,288.0,226.0,272.0
2017_IOWA,IOWA,2017,243.0,286.0,222.0,268.0
2017_KANSAS,KANSAS,2017,241.0,285.0,223.0,267.0
2017_KENTUCKY,KENTUCKY,2017,239.0,278.0,224.0,265.0
2017_LOUISIANA,LOUISIANA,2017,229.0,267.0,212.0,257.0
2017_MAINE,MAINE,2017,240.0,284.0,221.0,269.0
2017_MARYLAND,MARYLAND,2017,241.0,281.0,225.0,267.0
2017_MASSACHUSETTS,MASSACHUSETTS,2017,249.0,297.0,236.0,278.0
2017_MICHIGAN,MICHIGAN,2017,236.0,280.0,218.0,265.0
2017_MINNESOTA,MINNESOTA,2017,249.0,294.0,225.0,269.0
2017_MISSISSIPPI,MISSISSIPPI,2017,235.0,271.0,215.0,256.0
2017_MISSOURI,MISSOURI,2017,240.0,281.0,223.0,266.0
2017_MONTANA,MONTANA,2017,241.0,286.0,222.0,267.0
2017_NATIONAL,NATIONAL,2017,240.0,283.0,222.0,267.0
2017_NEBRASKA,NEBRASKA,2017,246.0,288.0,224.0,269.0
2017_NEVADA,NEVADA,2017,232.0,275.0,215.0,260.0
2017_NEW_HAMPSHIRE,NEW_HAMPSHIRE,2017,245.0,293.0,229.0,275.0
2017_NEW_JERSEY,NEW_JERSEY,2017,248.0,292.0,233.0,275.0
2017_NEW_MEXICO,NEW_MEXICO,2017,230.0,269.0,208.0,256.0
2017_NEW_YORK,NEW_YORK,2017,236.0,282.0,222.0,264.0
2017_NORTH_CAROLINA,NORTH_CAROLINA,2017,241.0,282.0,224.0,263.0
2017_NORTH_DAKOTA,NORTH_DAKOTA,2017,244.0,288.0,222.0,265.0
2017_OHIO,OHIO,2017,241.0,288.0,225.0,268.0
2017_OKLAHOMA,OKLAHOMA,2017,237.0,275.0,217.0,261.0
2017_OREGON,OREGON,2017,233.0,282.0,218.0,266.0
2017_PENNSYLVANIA,PENNSYLVANIA,2017,242.0,286.0,225.0,270.0
2017_RHODE_ISLAND,RHODE_ISLAND,2017,238.0,277.0,223.0,266.0
2017_SOUTH_CAROLINA,SOUTH_CAROLINA,2017,234.0,275.0,213.0,260.0
2017_SOUTH_DAKOTA,SOUTH_DAKOTA,2017,242.0,286.0,222.0,267.0
2017_TENNESSEE,TENNESSEE,2017,237.0,279.0,219.0,262.0
2017_TEXAS,TEXAS,2017,241.0,282.0,215.0,260.0
2017_UTAH,UTAH,2017,242.0,287.0,225.0,269.0
2017_VERMONT,VERMONT,2017,241.0,288.0,226.0,273.0
2017_VIRGINIA,VIRGINIA,2017,248.0,290.0,228.0,268.0
2017_WASHINGTON,WASHINGTON,2017,242.0,289.0,223.0,272.0
2017_WEST_VIRGINIA,WEST_VIRGINIA,2017,236.0,273.0,217.0,259.0
2017_WISCONSIN,WISCONSIN,2017,240.0,288.0,220.0,269.0
2017_WYOMING,WYOMING,2017,248.0,289.0,227.0,269.0
2019_ALABAMA,ALABAMA,2019,230.0,269.0,212.0,253.0
2019_ALASKA,ALASKA,2019,232.0,274.0,204.0,252.0
2019_ARIZONA,ARIZONA,2019,238.0,280.0,216.0,259.0
2019_ARKANSAS,ARKANSAS,2019,233.0,274.0,215.0,259.0
2019_CALIFORNIA,CALIFORNIA,2019,235.0,276.0,216.0,259.0
2019_COLORADO,COLORADO,2019,242.0,285.0,225.0,267.0
2019_CONNECTICUT,CONNECTICUT,2019,243.0,286.0,224.0,270.0
2019_DELAWARE,DELAWARE,2019,239.0,277.0,218.0,260.0
2019_DISTRICT_OF_COLUMBIA,DISTRICT_OF_COLUMBIA,2019,235.0,269.0,214.0,250.0
2019_DODEA,DODEA,2019,250.0,292.0,235.0,280.0
2019_FLORIDA,FLORIDA,2019,246.0,279.0,225.0,263.0
2019_GEORGIA,GEORGIA,2019,238.0,279.0,218.0,262.0
2019_HAWAII,HAWAII,2019,239.0,275.0,218.0,258.0
2019_IDAHO,IDAHO,2019,242.0,286.0,223.0,266.0
2019_ILLINOIS,ILLINOIS,2019,237.0,283.0,218.0,265.0
2019_INDIANA,INDIANA,2019,245.0,286.0,222.0,266.0
2019_IOWA,IOWA,2019,241.0,282.0,221.0,262.0
2019_KANSAS,KANSAS,2019,239.0,282.0,219.0,263.0
2019_KENTUCKY,KENTUCKY,2019,239.0,278.0,221.0,263.0
2019_LOUISIANA,LOUISIANA,2019,231.0,272.0,210.0,257.0
2019_MAINE,MAINE,2019,241.0,282.0,221.0,265.0
2019_MARYLAND,MARYLAND,2019,239.0,280.0,220.0,264.0
2019_MASSACHUSETTS,MASSACHUSETTS,2019,247.0,294.0,231.0,273.0
2019_MICHIGAN,MICHIGAN,2019,236.0,280.0,218.0,263.0
2019_MINNESOTA,MINNESOTA,2019,248.0,291.0,222.0,264.0
2019_MISSISSIPPI,MISSISSIPPI,2019,241.0,274.0,219.0,256.0
2019_MISSOURI,MISSOURI,2019,238.0,281.0,218.0,263.0
2019_MONTANA,MONTANA,2019,241.0,284.0,222.0,265.0
2019_NATIONAL,NATIONAL,2019,241.0,282.0,220.0,263.0
2019_NEBRASKA,NEBRASKA,2019,244.0,285.0,222.0,264.0
2019_NEVADA,NEVADA,2019,236.0,274.0,218.0,258.0
2019_NEW_HAMPSHIRE,NEW_HAMPSHIRE,2019,245.0,287.0,224.0,268.0
2019_NEW_JERSEY,NEW_JERSEY,2019,246.0,292.0,227.0,270.0
2019_NEW_MEXICO,NEW_MEXICO,2019,231.0,269.0,208.0,252.0
2019_NEW_YORK,NEW_YORK,2019,237.0,280.0,220.0,262.0
2019_NORTH_CAROLINA,NORTH_CAROLINA,2019,241.0,284.0,221.0,263.0
2019_NORTH_DAKOTA,NORTH_DAKOTA,2019,243.0,286.0,221.0,263.0
2019_OHIO,OHIO,2019,241.0,286.0,222.0,267.0
2019_OKLAHOMA,OKLAHOMA,2019,237.0,276.0,216.0,258.0
2019_OREGON,OREGON,2019,236.0,280.0,218.0,264.0
2019_PENNSYLVANIA,PENNSYLVANIA,2019,244.0,285.0,223.0,264.0
2019_RHODE_ISLAND,RHODE_ISLAND,2019,239.0,276.0,220.0,262.0
2019_SOUTH_CAROLINA,SOUTH_CAROLINA,2019,237.0,276.0,216.0,259.0
2019_SOUTH_DAKOTA,SOUTH_DAKOTA,2019,241.0,287.0,222.0,263.0
2019_TENNESSEE,TENNESSEE,2019,240.0,280.0,219.0,262.0
2019_TEXAS,TEXAS,2019,244.0,280.0,216.0,256.0
2019_UTAH,UTAH,2019,244.0,285.0,225.0,267.0
2019_VERMONT,VERMONT,2019,239.0,287.0,222.0,268.0
2019_VIRGINIA,VIRGINIA,2019,247.0,287.0,224.0,262.0
2019_WASHINGTON,WASHINGTON,2019,240.0,286.0,220.0,266.0
2019_WEST_VIRGINIA,WEST_VIRGINIA,2019,231.0,272.0,213.0,256.0
2019_WISCONSIN,WISCONSIN,2019,242.0,289.0,220.0,267.0
2019_WYOMING,WYOMING,2019,246.0,286.0,227.0,265.0
